{
  "config": {
    "chem": {
      "point_group": "C1"
    },
    "eps_pt": 1e-10,
    "eps_vars": [
      2e-05
    ],
    "eps_vars_schedule": [
      0.002,
      0.001,
      0.0005,
      0.0002,
      0.0001
    ],
    "n_dn": 12,
    "n_states": 9,
    "n_up": 12,
    "s2": true,
    "system": "chem"
  },
  "energy_hf": -919.4039354819007,
  "energy_total": {
    "2.00e-05": {
      "1.00e-10": {
        "uncert": 7.449532342728677e-07,
        "value": -919.6313265301698
      }
    }
  },
  "energy_total_1": {
    "2.00e-05": {
      "1.00e-10": {
        "uncert": 1.4946996380439422e-06,
        "value": -919.5117589103204
      }
    }
  },
  "energy_total_2": {
    "2.00e-05": {
      "1.00e-10": {
        "uncert": 1.5160882077958381e-06,
        "value": -919.5015215423649
      }
    }
  },
  "energy_total_3": {
    "2.00e-05": {
      "1.00e-10": {
        "uncert": 1.5002254783448025e-06,
        "value": -919.4874881257244
      }
    }
  },
  "energy_total_4": {
    "2.00e-05": {
      "1.00e-10": {
        "uncert": 1.4167776909249135e-06,
        "value": -919.4694449170328
      }
    }
  },
  "energy_total_5": {
    "2.00e-05": {
      "1.00e-10": {
        "uncert": 1.850608499899745e-06,
        "value": -919.4675267800288
      }
    }
  },
  "energy_total_6": {
    "2.00e-05": {
      "1.00e-10": {
        "uncert": 1.6476803320880452e-06,
        "value": -919.466159025632
      }
    }
  },
  "energy_total_7": {
    "2.00e-05": {
      "1.00e-10": {
        "uncert": 1.6549859027671693e-06,
        "value": -919.4641061475859
      }
    }
  },
  "energy_total_8": {
    "2.00e-05": {
      "1.00e-10": {
        "uncert": 1.6608790153435617e-06,
        "value": -919.4602193856877
      }
    }
  },
  "energy_var": {
    "2.00e-05": -919.6299445278506
  },
  "energy_var_1": {
    "2.00e-05": -919.5083137341306
  },
  "energy_var_2": {
    "2.00e-05": -919.4978402217635
  },
  "energy_var_3": {
    "2.00e-05": -919.4838234398782
  },
  "energy_var_4": {
    "2.00e-05": -919.4660407412443
  },
  "energy_var_5": {
    "2.00e-05": -919.463244027571
  },
  "energy_var_6": {
    "2.00e-05": -919.4622785330315
  },
  "energy_var_7": {
    "2.00e-05": -919.4603674112424
  },
  "energy_var_8": {
    "2.00e-05": -919.4563197626691
  },
  "n_elecs": 24,
  "s2": 0.00039410365344271517
}
