{
  "config": {
    "chem": {
      "point_group": "C1"
    },
    "eps_pt": 1e-10,
    "eps_vars": [
      7e-05
    ],
    "eps_vars_schedule": [
      0.002,
      0.001,
      0.0005,
      0.0002,
      0.0001
    ],
    "n_dn": 12,
    "n_states": 9,
    "n_up": 12,
    "s2": true,
    "system": "chem"
  },
  "energy_hf": -919.4039354819007,
  "energy_total": {
    "7.00e-05": {
      "1.00e-10": {
        "uncert": 3.8245211534752706e-06,
        "value": -919.630227375912
      }
    }
  },
  "energy_total_1": {
    "7.00e-05": {
      "1.00e-10": {
        "uncert": 6.929860561132813e-06,
        "value": -919.5081463363207
      }
    }
  },
  "energy_total_2": {
    "7.00e-05": {
      "1.00e-10": {
        "uncert": 6.990332192195738e-06,
        "value": -919.4977429120725
      }
    }
  },
  "energy_total_3": {
    "7.00e-05": {
      "1.00e-10": {
        "uncert": 6.9181657172569925e-06,
        "value": -919.4837889812236
      }
    }
  },
  "energy_total_4": {
    "7.00e-05": {
      "1.00e-10": {
        "uncert": 6.842014679016585e-06,
        "value": -919.4659148367575
      }
    }
  },
  "energy_total_5": {
    "7.00e-05": {
      "1.00e-10": {
        "uncert": 8.275278608685213e-06,
        "value": -919.463043450395
      }
    }
  },
  "energy_total_6": {
    "7.00e-05": {
      "1.00e-10": {
        "uncert": 7.362838788601056e-06,
        "value": -919.4621192867567
      }
    }
  },
  "energy_total_7": {
    "7.00e-05": {
      "1.00e-10": {
        "uncert": 7.74057423883622e-06,
        "value": -919.4602782114794
      }
    }
  },
  "energy_total_8": {
    "7.00e-05": {
      "1.00e-10": {
        "uncert": 7.561744450979672e-06,
        "value": -919.4561837374105
      }
    }
  },
  "energy_var": {
    "7.00e-05": -919.6271069568234
  },
  "energy_var_1": {
    "7.00e-05": -919.5005201869386
  },
  "energy_var_2": {
    "7.00e-05": -919.4897226813539
  },
  "energy_var_3": {
    "7.00e-05": -919.4758289004533
  },
  "energy_var_4": {
    "7.00e-05": -919.4584740848902
  },
  "energy_var_5": {
    "7.00e-05": -919.4537796279337
  },
  "energy_var_6": {
    "7.00e-05": -919.453636135576
  },
  "energy_var_7": {
    "7.00e-05": -919.4521483358727
  },
  "energy_var_8": {
    "7.00e-05": -919.4476901539474
  },
  "n_elecs": 24,
  "s2": 0.0007619335666342053
}
