{
  "config": {
    "chem": {
      "point_group": "C1"
    },
    "eps_pt": 1e-10,
    "eps_vars": [
      5e-05
    ],
    "eps_vars_schedule": [
      0.002,
      0.001,
      0.0005,
      0.0002,
      0.0001
    ],
    "n_dn": 12,
    "n_states": 9,
    "n_up": 12,
    "s2": true,
    "system": "chem"
  },
  "energy_hf": -915.6958048250827,
  "energy_total": {
    "5.00e-05": {
      "1.00e-10": {
        "uncert": 2.1762559028906777e-06,
        "value": -915.9371302967335
      }
    }
  },
  "energy_total_1": {
    "5.00e-05": {
      "1.00e-10": {
        "uncert": 4.380203142640913e-06,
        "value": -915.8759537615734
      }
    }
  },
  "energy_total_2": {
    "5.00e-05": {
      "1.00e-10": {
        "uncert": 4.585457203137313e-06,
        "value": -915.8423324874549
      }
    }
  },
  "energy_total_3": {
    "5.00e-05": {
      "1.00e-10": {
        "uncert": 5.046802970425201e-06,
        "value": -915.8197398276151
      }
    }
  },
  "energy_total_4": {
    "5.00e-05": {
      "1.00e-10": {
        "uncert": 5.049595921361447e-06,
        "value": -915.8154188379664
      }
    }
  },
  "energy_total_5": {
    "5.00e-05": {
      "1.00e-10": {
        "uncert": 5.539707399517199e-06,
        "value": -915.8144983261968
      }
    }
  },
  "energy_total_6": {
    "5.00e-05": {
      "1.00e-10": {
        "uncert": 4.389220652970031e-06,
        "value": -915.8050109497854
      }
    }
  },
  "energy_total_7": {
    "5.00e-05": {
      "1.00e-10": {
        "uncert": 5.061653615653472e-06,
        "value": -915.7928997560333
      }
    }
  },
  "energy_total_8": {
    "5.00e-05": {
      "1.00e-10": {
        "uncert": 7.118682392081246e-06,
        "value": -915.7905616235468
      }
    }
  },
  "energy_var": {
    "5.00e-05": -915.9345711893573
  },
  "energy_var_1": {
    "5.00e-05": -915.8691708583896
  },
  "energy_var_2": {
    "5.00e-05": -915.8355968881159
  },
  "energy_var_3": {
    "5.00e-05": -915.8120348264513
  },
  "energy_var_4": {
    "5.00e-05": -915.8078506387913
  },
  "energy_var_5": {
    "5.00e-05": -915.8063252492693
  },
  "energy_var_6": {
    "5.00e-05": -915.7979268946975
  },
  "energy_var_7": {
    "5.00e-05": -915.7848417675641
  },
  "energy_var_8": {
    "5.00e-05": -915.7788382562343
  },
  "n_elecs": 24,
  "s2": 0.0009435697445630341
}
