{
  "config": {
    "chem": {
      "point_group": "C1"
    },
    "eps_pt": 1e-10,
    "eps_vars": [
      5e-05
    ],
    "eps_vars_schedule": [
      0.002,
      0.001,
      0.0005,
      0.0002,
      0.0001
    ],
    "n_dn": 12,
    "n_states": 9,
    "n_up": 12,
    "s2": true,
    "system": "chem"
  },
  "energy_hf": -919.4039354819007,
  "energy_total": {
    "5.00e-05": {
      "1.00e-10": {
        "uncert": 2.5738443102740586e-06,
        "value": -919.6305822751987
      }
    }
  },
  "energy_total_1": {
    "5.00e-05": {
      "1.00e-10": {
        "uncert": 4.720138758619597e-06,
        "value": -919.5096931163207
      }
    }
  },
  "energy_total_2": {
    "5.00e-05": {
      "1.00e-10": {
        "uncert": 4.403253340866976e-06,
        "value": -919.4992949180455
      }
    }
  },
  "energy_total_3": {
    "5.00e-05": {
      "1.00e-10": {
        "uncert": 4.936245274402062e-06,
        "value": -919.4852996037813
      }
    }
  },
  "energy_total_4": {
    "5.00e-05": {
      "1.00e-10": {
        "uncert": 4.269885219224639e-06,
        "value": -919.4674893942753
      }
    }
  },
  "energy_total_5": {
    "5.00e-05": {
      "1.00e-10": {
        "uncert": 5.009908053733969e-06,
        "value": -919.4648479486881
      }
    }
  },
  "energy_total_6": {
    "5.00e-05": {
      "1.00e-10": {
        "uncert": 4.584161144282012e-06,
        "value": -919.4637993846795
      }
    }
  },
  "energy_total_7": {
    "5.00e-05": {
      "1.00e-10": {
        "uncert": 4.54516458643154e-06,
        "value": -919.4619359195057
      }
    }
  },
  "energy_total_8": {
    "5.00e-05": {
      "1.00e-10": {
        "uncert": 4.9604780313912985e-06,
        "value": -919.4578477516483
      }
    }
  },
  "energy_var": {
    "5.00e-05": -919.6279856888385
  },
  "energy_var_1": {
    "5.00e-05": -919.5037622289152
  },
  "energy_var_2": {
    "5.00e-05": -919.4929837606246
  },
  "energy_var_3": {
    "5.00e-05": -919.4790152921656
  },
  "energy_var_4": {
    "5.00e-05": -919.4617426325005
  },
  "energy_var_5": {
    "5.00e-05": -919.4575189172024
  },
  "energy_var_6": {
    "5.00e-05": -919.4571542819841
  },
  "energy_var_7": {
    "5.00e-05": -919.4556111612737
  },
  "energy_var_8": {
    "5.00e-05": -919.4511817416542
  },
  "n_elecs": 24,
  "s2": 0.0007808397854811533
}
