{
  "config": {
    "chem": {
      "point_group": "C1"
    },
    "eps_pt": 1e-10,
    "eps_vars": [
      0.001
    ],
    "eps_vars_schedule": [
      0.002,
      0.001,
      0.0005,
      0.0002,
      0.0001
    ],
    "n_dn": 18,
    "n_states": 13,
    "n_up": 18,
    "s2": true,
    "system": "chem"
  },
  "energy_hf": -1377.3634496720733,
  "energy_total": {
    "1.00e-03": {
      "1.00e-10": {
        "uncert": 3.977160224400036e-05,
        "value": -1377.6885480769417
      }
    }
  },
  "energy_total_1": {
    "1.00e-03": {
      "1.00e-10": {
        "uncert": 4.940554285753559e-05,
        "value": -1377.5408960471386
      }
    }
  },
  "energy_total_10": {
    "1.00e-03": {
      "1.00e-10": {
        "uncert": 4.588883572839862e-05,
        "value": -1377.4895207487643
      }
    }
  },
  "energy_total_11": {
    "1.00e-03": {
      "1.00e-10": {
        "uncert": 4.362277455479837e-05,
        "value": -1377.4877696520493
      }
    }
  },
  "energy_total_12": {
    "1.00e-03": {
      "1.00e-10": {
        "uncert": 3.7544160634007674e-05,
        "value": -1377.487209081669
      }
    }
  },
  "energy_total_2": {
    "1.00e-03": {
      "1.00e-10": {
        "uncert": 4.059929292339728e-05,
        "value": -1377.5340741885345
      }
    }
  },
  "energy_total_3": {
    "1.00e-03": {
      "1.00e-10": {
        "uncert": 4.8496198363381233e-05,
        "value": -1377.5330000249871
      }
    }
  },
  "energy_total_4": {
    "1.00e-03": {
      "1.00e-10": {
        "uncert": 4.035507681119373e-05,
        "value": -1377.5165835002133
      }
    }
  },
  "energy_total_5": {
    "1.00e-03": {
      "1.00e-10": {
        "uncert": 4.382070324279379e-05,
        "value": -1377.5161649522845
      }
    }
  },
  "energy_total_6": {
    "1.00e-03": {
      "1.00e-10": {
        "uncert": 4.9224463751732906e-05,
        "value": -1377.5009505473897
      }
    }
  },
  "energy_total_7": {
    "1.00e-03": {
      "1.00e-10": {
        "uncert": 4.925579319207449e-05,
        "value": -1377.4968232464178
      }
    }
  },
  "energy_total_8": {
    "1.00e-03": {
      "1.00e-10": {
        "uncert": 4.947003245239907e-05,
        "value": -1377.4910091860238
      }
    }
  },
  "energy_total_9": {
    "1.00e-03": {
      "1.00e-10": {
        "uncert": 4.876050651829417e-05,
        "value": -1377.4914917994856
      }
    }
  },
  "energy_var": {
    "1.00e-03": -1377.6640249244438
  },
  "energy_var_1": {
    "1.00e-03": -1377.4858123099764
  },
  "energy_var_10": {
    "1.00e-03": -1377.433291464255
  },
  "energy_var_11": {
    "1.00e-03": -1377.4326789392305
  },
  "energy_var_12": {
    "1.00e-03": -1377.4319636838777
  },
  "energy_var_2": {
    "1.00e-03": -1377.4798088603661
  },
  "energy_var_3": {
    "1.00e-03": -1377.4774686795613
  },
  "energy_var_4": {
    "1.00e-03": -1377.46206490101
  },
  "energy_var_5": {
    "1.00e-03": -1377.461427319401
  },
  "energy_var_6": {
    "1.00e-03": -1377.4447343674206
  },
  "energy_var_7": {
    "1.00e-03": -1377.4441253351663
  },
  "energy_var_8": {
    "1.00e-03": -1377.4341403160684
  },
  "energy_var_9": {
    "1.00e-03": -1377.433798979602
  },
  "n_elecs": 36,
  "s2": 0.006614068516236505
}
