{
  "config": {
    "chem": {
      "point_group": "C1"
    },
    "eps_pt": 1e-10,
    "eps_vars": [
      2e-05
    ],
    "eps_vars_schedule": [
      0.002,
      0.001,
      0.0005,
      0.0002,
      0.0001
    ],
    "n_dn": 12,
    "n_states": 9,
    "n_up": 12,
    "s2": true,
    "system": "chem"
  },
  "energy_hf": -915.6958048250827,
  "energy_total": {
    "2.00e-05": {
      "1.00e-10": {
        "uncert": 6.811746639435989e-07,
        "value": -915.9377872256432
      }
    }
  },
  "energy_total_1": {
    "2.00e-05": {
      "1.00e-10": {
        "uncert": 1.459103198286306e-06,
        "value": -915.8781845878584
      }
    }
  },
  "energy_total_2": {
    "2.00e-05": {
      "1.00e-10": {
        "uncert": 1.3849959189643448e-06,
        "value": -915.8444651624405
      }
    }
  },
  "energy_total_3": {
    "2.00e-05": {
      "1.00e-10": {
        "uncert": 1.619833221990397e-06,
        "value": -915.8222835780949
      }
    }
  },
  "energy_total_4": {
    "2.00e-05": {
      "1.00e-10": {
        "uncert": 1.5772016539960164e-06,
        "value": -915.8178190532566
      }
    }
  },
  "energy_total_5": {
    "2.00e-05": {
      "1.00e-10": {
        "uncert": 1.867352831398541e-06,
        "value": -915.8172133102587
      }
    }
  },
  "energy_total_6": {
    "2.00e-05": {
      "1.00e-10": {
        "uncert": 1.4986933377199147e-06,
        "value": -915.8072453042389
      }
    }
  },
  "energy_total_7": {
    "2.00e-05": {
      "1.00e-10": {
        "uncert": 1.7539946055578708e-06,
        "value": -915.7955893860636
      }
    }
  },
  "energy_total_8": {
    "2.00e-05": {
      "1.00e-10": {
        "uncert": 2.665929404178585e-06,
        "value": -915.7984279080458
      }
    }
  },
  "energy_var": {
    "2.00e-05": -915.936454950958
  },
  "energy_var_1": {
    "2.00e-05": -915.8744059837077
  },
  "energy_var_2": {
    "2.00e-05": -915.840723846152
  },
  "energy_var_3": {
    "2.00e-05": -915.8179155830745
  },
  "energy_var_4": {
    "2.00e-05": -915.8135552754119
  },
  "energy_var_5": {
    "2.00e-05": -915.8126345644981
  },
  "energy_var_6": {
    "2.00e-05": -915.8032419702838
  },
  "energy_var_7": {
    "2.00e-05": -915.7909830695164
  },
  "energy_var_8": {
    "2.00e-05": -915.7895981926401
  },
  "n_elecs": 24,
  "s2": 0.0004702484388837893
}
